[
  {
    "id": "1e2b5ad8-e89f-4dcf-ad33-fdf91109c327",
    "data": [
      {
        "text": "Could you give me some advance about the ",
        "userDefined": false
      },
      {
        "text": "weather in",
        "meta": "@sys.ignore",
        "userDefined": false
      },
      {
        "text": " ",
        "userDefined": false
      },
      {
        "text": "Hồ Chí Minh",
        "alias": "location",
        "meta": "@sys.any",
        "userDefined": true
      },
      {
        "text": " ",
        "userDefined": false
      },
      {
        "text": "today",
        "alias": "date",
        "meta": "@sys.any",
        "userDefined": true
      },
      {
        "text": "?",
        "userDefined": false
      }
    ],
    "isTemplate": false,
    "count": 0,
    "updated": 1520577998
  },
  {
    "id": "f5b0836c-ce69-4006-9e6c-e6d751696522",
    "data": [
      {
        "text": "any advance about the ",
        "userDefined": false
      },
      {
        "text": "weather in",
        "meta": "@sys.ignore",
        "userDefined": false
      },
      {
        "text": " ",
        "userDefined": false
      },
      {
        "text": "HCM",
        "alias": "location",
        "meta": "@sys.any",
        "userDefined": true
      },
      {
        "text": " ",
        "userDefined": false
      },
      {
        "text": "today",
        "alias": "date",
        "meta": "@sys.any",
        "userDefined": false
      },
      {
        "text": "?",
        "userDefined": false
      }
    ],
    "isTemplate": false,
    "count": 0,
    "updated": 1520577998
  }
]