[
  {
    "id": "0516931e-7333-41e4-89d1-7f0f69446cca",
    "data": [
      {
        "text": "that\u0027s correct",
        "userDefined": false
      }
    ],
    "isTemplate": false,
    "count": 0,
    "updated": 1520320993
  },
  {
    "id": "382783a6-89a2-40ad-b140-eb157e700cd6",
    "data": [
      {
        "text": "of course",
        "userDefined": false
      }
    ],
    "isTemplate": false,
    "count": 0,
    "updated": 1520320993
  },
  {
    "id": "f99bff14-300b-48dc-b99c-f9acfbb0a215",
    "data": [
      {
        "text": "I don\u0027t mind",
        "userDefined": false
      }
    ],
    "isTemplate": false,
    "count": 0,
    "updated": 1520320993
  },
  {
    "id": "ee2a770b-a6b8-48e3-909c-c01fcc43573b",
    "data": [
      {
        "text": "I agree",
        "userDefined": false
      }
    ],
    "isTemplate": false,
    "count": 1,
    "updated": 1520320993
  },
  {
    "id": "fd562bb8-0e98-4fbb-b462-bf2b33047137",
    "data": [
      {
        "text": "sounds good",
        "userDefined": false
      }
    ],
    "isTemplate": false,
    "count": 0,
    "updated": 1520320993
  },
  {
    "id": "89a71e29-66dd-4f3d-827d-d67857285113",
    "data": [
      {
        "text": "exactly",
        "userDefined": false
      }
    ],
    "isTemplate": false,
    "count": 0,
    "updated": 1520320993
  },
  {
    "id": "959bf87e-afe3-4eae-b03f-3ab1097e1daa",
    "data": [
      {
        "text": "yes",
        "userDefined": false
      }
    ],
    "isTemplate": false,
    "count": 0,
    "updated": 1520320993
  },
  {
    "id": "bd76decc-7f52-4fe7-a958-2b22b9bc810e",
    "data": [
      {
        "text": "do it",
        "userDefined": false
      }
    ],
    "isTemplate": false,
    "count": 1,
    "updated": 1520320993
  },
  {
    "id": "22da1310-34ac-4e48-9c56-71d824d51ac6",
    "data": [
      {
        "text": "ok",
        "userDefined": false
      }
    ],
    "isTemplate": false,
    "count": 0,
    "updated": 1520320993
  },
  {
    "id": "201537d3-7b1c-48b1-9022-a6fe5947ad3c",
    "data": [
      {
        "text": "confirm",
        "userDefined": false
      }
    ],
    "isTemplate": false,
    "count": 1,
    "updated": 1520320993
  },
  {
    "id": "142b51f2-75e4-4c0f-a632-ed41746fcd63",
    "data": [
      {
        "text": "sure",
        "userDefined": false
      }
    ],
    "isTemplate": false,
    "count": 2,
    "updated": 1520320993
  },
  {
    "id": "03d37750-3e07-46b1-8421-7538186bc3e9",
    "data": [
      {
        "text": "okay",
        "userDefined": false
      }
    ],
    "isTemplate": false,
    "count": 0,
    "updated": 1520320993
  }
]