[
  {
    "id": "a2a3cc0e-606d-47bd-84e1-6f080328df2c",
    "data": [
      {
        "text": "I don\u0027t think so",
        "userDefined": false
      }
    ],
    "isTemplate": false,
    "count": 0,
    "updated": 1520261873
  },
  {
    "id": "0ff36a7d-b150-48f1-ad6a-7bbedd27c69a",
    "data": [
      {
        "text": "I don\u0027t want that",
        "userDefined": false
      }
    ],
    "isTemplate": false,
    "count": 0,
    "updated": 1520261873
  },
  {
    "id": "b66ee146-4448-4104-9854-d68a1b3b2fff",
    "data": [
      {
        "text": "definitely not",
        "userDefined": false
      }
    ],
    "isTemplate": false,
    "count": 1,
    "updated": 1520261873
  },
  {
    "id": "3bf28bbe-3331-4136-a80b-3580e0c50e37",
    "data": [
      {
        "text": "not really",
        "userDefined": false
      }
    ],
    "isTemplate": false,
    "count": 0,
    "updated": 1520261873
  },
  {
    "id": "738b8688-9402-4a6c-bff0-d5bdf7b63b04",
    "data": [
      {
        "text": "not interested",
        "userDefined": false
      }
    ],
    "isTemplate": false,
    "count": 0,
    "updated": 1520261873
  },
  {
    "id": "9618b99b-ec21-4228-bf71-09369535ec6d",
    "data": [
      {
        "text": "thanks but no",
        "userDefined": false
      }
    ],
    "isTemplate": false,
    "count": 0,
    "updated": 1520261873
  },
  {
    "id": "7c1274a7-9a97-45da-b09c-e917937805f3",
    "data": [
      {
        "text": "I disagree",
        "userDefined": false
      }
    ],
    "isTemplate": false,
    "count": 2,
    "updated": 1520261873
  },
  {
    "id": "a6df60cd-bb33-4fae-b7b8-e06f2c6bb6d2",
    "data": [
      {
        "text": "no",
        "userDefined": false
      }
    ],
    "isTemplate": false,
    "count": 1,
    "updated": 1520261873
  },
  {
    "id": "568d5fa9-4abf-4683-bdfe-dc11d28d57ac",
    "data": [
      {
        "text": "don\u0027t do it",
        "userDefined": false
      }
    ],
    "isTemplate": false,
    "count": 0,
    "updated": 1520261873
  }
]