[
  {
    "id": "109d05b4-e458-4f7d-8824-934fa651ec6f",
    "data": [
      {
        "text": "What is the weather forecast in ",
        "userDefined": false
      },
      {
        "text": "Ho Chi Minh",
        "alias": "location",
        "meta": "@sys.any",
        "userDefined": true
      },
      {
        "text": " at ",
        "userDefined": false
      },
      {
        "text": "02/14/2018",
        "alias": "date",
        "meta": "@sys.any",
        "userDefined": true
      },
      {
        "text": "?",
        "userDefined": false
      }
    ],
    "isTemplate": false,
    "count": 0,
    "updated": 1519722783
  }
]