[
  {
    "id": "eafcdb1f-8e34-40a6-9ef4-857fc23d8112",
    "data": [
      {
        "text": "How is the weather forecast in ",
        "userDefined": false
      },
      {
        "text": "Ho Chi Minh",
        "alias": "location",
        "meta": "@sys.any",
        "userDefined": true
      },
      {
        "text": " at ",
        "userDefined": false
      },
      {
        "text": "02/14/2018",
        "alias": "date",
        "meta": "@sys.any",
        "userDefined": true
      },
      {
        "text": "?",
        "userDefined": false
      }
    ],
    "isTemplate": false,
    "count": 0,
    "updated": 1519808334
  },
  {
    "id": "3358fb19-051a-4586-8991-fcfa7f3fe61d",
    "data": [
      {
        "text": "What is the weather forecast in ",
        "userDefined": false
      },
      {
        "text": "Ho Chi Minh",
        "alias": "location",
        "meta": "@sys.any",
        "userDefined": true
      },
      {
        "text": " at ",
        "userDefined": false
      },
      {
        "text": "02/14/2018",
        "alias": "date",
        "meta": "@sys.any",
        "userDefined": true
      },
      {
        "text": "?",
        "userDefined": false
      }
    ],
    "isTemplate": false,
    "count": 0,
    "updated": 1519808334
  }
]