[
  {
    "id": "8d7fff7f-17b3-467c-8376-4135dbc4f3d9",
    "data": [
      {
        "text": "How is the weather in ",
        "userDefined": false
      },
      {
        "text": "HoChiMinh",
        "alias": "location",
        "meta": "@sys.any",
        "userDefined": true
      },
      {
        "text": " next ",
        "userDefined": false
      },
      {
        "text": "3",
        "alias": "days",
        "meta": "@sys.number",
        "userDefined": true
      },
      {
        "text": " days",
        "userDefined": false
      }
    ],
    "isTemplate": false,
    "count": 0,
    "updated": 1519722655
  }
]